title,company,date_posted,link,location
Senior Fullstack Software Engineer,Blotato,2025-05-10T01:38:55+00:00,https://remoteok.com/remote-jobs/remote-senior-fullstack-software-engineer-blotato-1093150,ğŸŒ Worldwide
Senior full stack engineer,Ideal Protein,2025-05-23T12:48:42+00:00,https://remoteok.com/remote-jobs/remote-senior-full-stack-engineer-ideal-protein-1083524,ğŸŒ Worldwide
Senior Full Stack Developer,Zammad,2025-05-24T00:00:05+00:00,https://remoteok.com/remote-jobs/remote-senior-full-stack-developer-zammad-1093045,ğŸ‡ªğŸ‡º Europe
Senior Software Engineer,Contra,2025-05-23T14:44:28+00:00,https://remoteok.com/remote-jobs/remote-senior-software-engineer-contra-1093221,ğŸ‡¨ğŸ‡¦ Canada
Senior Full Stack developer,Ringbook,2025-05-20T21:53:04+00:00,https://remoteok.com/remote-jobs/remote-senior-full-stack-developer-ringbook-1093206,ğŸŒ Worldwide
Full Stack Software Engineer,Daisychain,2025-05-14T15:01:34+00:00,https://remoteok.com/remote-jobs/remote-full-stack-software-engineer-daisychain-1093170,ğŸ’ƒ Latin America
Javascript Fullstack Engineer Senior,Lumenalta,2025-05-09T00:00:11+00:00,https://remoteok.com/remote-jobs/remote-javascript-fullstack-engineer-senior-lumenalta-1092919,ğŸŒ Worldwide
Mobile App Developer,CrazyGames,2025-05-06T13:21:31+00:00,https://remoteok.com/remote-jobs/remote-mobile-app-developer-crazygames-1093117,ğŸ‡ªğŸ‡º Europe
Senior Software Engineer,Contra,2025-05-01T18:05:55+00:00,https://remoteok.com/remote-jobs/remote-senior-software-engineer-contra-1093088,ğŸ‡¨ğŸ‡¦ Canada
Administrative Executive,Prime Design & Build,2025-04-19T14:29:22+00:00,https://remoteok.com/remote-jobs/remote-administrative-executive-prime-design-build-1092987,ğŸ’ƒ Latin America
Senior Software Engineer,Emergent Software,2025-04-12T16:01:56+00:00,https://remoteok.com/remote-jobs/remote-senior-software-engineer-emergent-software-1092940,ğŸŒ Probably worldwide
Full Stack Developer,Incyte Studios,2025-04-06T00:00:05+00:00,https://remoteok.com/remote-jobs/remote-full-stack-developer-incyte-studios-1086821,ğŸ‡ºğŸ‡¸ United States
Senior PHP Laravel Developer Full Stack,Interaction Design Foundation,2025-03-23T00:00:08+00:00,https://remoteok.com/remote-jobs/remote-senior-php-laravel-developer-full-stack-interaction-design-foundation-1084150,ğŸŒ Worldwide
spoke person,labs ai,2025-03-11T16:07:25+00:00,https://remoteok.com/remote-jobs/remote-spoke-person-labs-ai-1087588,ğŸŒ Worldwide
Senior Data Engineer,Soda Data,2025-03-10T19:29:04+00:00,https://remoteok.com/remote-jobs/remote-senior-data-engineer-soda-data-1087414,ğŸ‡ªğŸ‡º Europe
Sr Software Developer PHP MySQL,LendingWise,2025-03-11T15:24:19+00:00,https://remoteok.com/remote-jobs/remote-sr-software-developer-php-mysql-lendingwise-1087580,ğŸŒ Worldwide
React Native Developer,Private.Ki,2025-03-05T00:00:04+00:00,https://remoteok.com/remote-jobs/remote-react-native-developer-private-ki-1075396,ğŸŒ Worldwide
Intermediate Angular Developer,Revelator,2025-02-25T00:00:07+00:00,https://remoteok.com/remote-jobs/remote-intermediate-angular-developer-revelator-1058054,ğŸ‡ªğŸ‡º Europe
Senior Software Engineer Backend,Coinbase Developer Platform,2025-02-07T16:00:02+00:00,https://remoteok.com/remote-jobs/remote-senior-software-engineer-backend-coinbase-developer-platform-1081525,ğŸ‡ºğŸ‡¸ United States
Developer,Stoneridge Software,2025-01-22T23:00:04+00:00,https://remoteok.com/remote-jobs/remote-developer-stoneridge-software-1069448,"Minneapolis, MN"
Lead Product Designer,Stealth,2025-05-21T00:00:09+00:00,https://remoteok.com/remote-jobs/remote-lead-product-designer-stealth-1093013,ğŸŒ Worldwide
Full Stack Engineer,MediaLab,2025-05-23T20:00:01+00:00,https://remoteok.com/remote-jobs/remote-full-stack-engineer-medialab-1093223,Remote U.S.
Frontend Software Engineer,Bitwise Asset Management,2025-05-23T14:00:10+00:00,https://remoteok.com/remote-jobs/remote-frontend-software-engineer-bitwise-asset-management-1093220,ğŸŒ Worldwide
Job 23799 SÃªnior Java Developer Brazil,CI&T,2025-05-23T00:00:06+00:00,https://remoteok.com/remote-jobs/remote-job-23799-senior-java-developer-brazil-ciampt-1093219,ğŸ‡§ğŸ‡· Brazil
Software Engineer,Titan,2025-05-22T14:00:04+00:00,https://remoteok.com/remote-jobs/remote-software-engineer-titan-1093216,"Bengaluru, Karnataka"
Pessoa Advogada Jr Privacidade e ProteÃ§Ã£o de Dados,Neon Pagamentos,2025-05-22T00:00:07+00:00,https://remoteok.com/remote-jobs/remote-pessoa-advogada-jr-privacidade-e-protecao-de-dados-neon-pagamentos-1093211,Remoto
project manager,Prime design and build,2025-05-21T23:37:25+00:00,https://remoteok.com/remote-jobs/remote-project-manager-prime-design-and-build-1093210,ğŸŒ Worldwide
TikTok Video Director,Coin Market Cap Ltd,2025-05-20T18:00:02+00:00,https://remoteok.com/remote-jobs/remote-tiktok-video-director-coin-market-cap-ltd-1093205,ğŸŒ Probably worldwide
Manager Engineering II Data Pipelines,Ironclad,2025-05-17T13:00:04+00:00,https://remoteok.com/remote-jobs/remote-manager-engineering-ii-data-pipelines-ironclad-1093192,San Francisco
Visual Designer,PIP Labs,2025-05-16T22:00:03+00:00,https://remoteok.com/remote-jobs/remote-visual-designer-pip-labs-1093190,ğŸ‡ºğŸ‡¸ United States
Marketing Design Intern 2025 Summer Intern,Symmetry Systems,2025-05-16T11:00:10+00:00,https://remoteok.com/remote-jobs/remote-marketing-design-intern-2025-summer-intern-symmetry-systems-1093189,ğŸŒ Worldwide
Member of Product Trading,Anchorage Digital,2025-05-16T10:00:03+00:00,https://remoteok.com/remote-jobs/remote-member-of-product-trading-anchorage-digital-1093187,ğŸ‡ºğŸ‡¸ United States
Staff Frontend Engineer,Notabene,2025-05-15T10:00:03+00:00,https://remoteok.com/remote-jobs/remote-staff-frontend-engineer-notabene-1093179,ğŸŒ Probably worldwide
Staff Machine Learning Engineer,Warner Music Inc.,2025-05-15T00:00:20+00:00,https://remoteok.com/remote-jobs/remote-staff-machine-learning-engineer-warner-music-inc-1093176,ğŸŒ Probably worldwide
Head of Growth,AVA Foundation,2025-05-13T06:00:04+00:00,https://remoteok.com/remote-jobs/remote-head-of-growth-ava-foundation-1093162,Anywhere
Salesforce Lead,Bounteous,2025-05-11T16:00:19+00:00,https://remoteok.com/remote-jobs/remote-salesforce-lead-bounteous-1093155,ğŸ‡®ğŸ‡³ India
Senior Data Analytics Engineer,Fullscript,2025-05-10T21:00:03+00:00,https://remoteok.com/remote-jobs/remote-senior-data-analytics-engineer-fullscript-1093152,ğŸŒ Probably worldwide
Content Writer,Blink UX,2025-05-09T11:00:11+00:00,https://remoteok.com/remote-jobs/remote-content-writer-blink-ux-1093147,All Locations
Smart Contract Engineer,Risk Labs,2025-05-08T09:00:03+00:00,https://remoteok.com/remote-jobs/remote-smart-contract-engineer-risk-labs-1093140,ğŸŒ Worldwide
Design Centric Senior Front End Engineer,Dapper Labs,2025-05-07T14:00:04+00:00,https://remoteok.com/remote-jobs/remote-design-centric-senior-front-end-engineer-dapper-labs-1093136,ğŸ‡ºğŸ‡¸ United States
Brand Designer,Contra,2025-04-22T19:49:20+00:00,https://remoteok.com/remote-jobs/remote-brand-designer-contra-1093024,ğŸŒ Worldwide
Motion Designer,Contra,2025-04-22T19:43:05+00:00,https://remoteok.com/remote-jobs/remote-motion-designer-contra-1093022,ğŸŒ Worldwide
Web Developer,Contra,2025-04-22T19:41:39+00:00,https://remoteok.com/remote-jobs/remote-web-developer-contra-1093019,ğŸŒ Worldwide
VP of Engineering,Soda Data,2025-03-11T15:05:28+00:00,https://remoteok.com/remote-jobs/remote-vp-of-engineering-soda-data-1087577,ğŸ‡ªğŸ‡º Europe
Symplast Forms Specialist Patient Intake Customizations,Symplast,2025-04-15T15:27:45+00:00,https://remoteok.com/remote-jobs/remote-symplast-forms-specialist-patient-intake-customizations-symplast-1092967,ğŸŒ Worldwide
Data Migration Specialist Data Import & Export,Symplast,2025-04-15T14:53:49+00:00,https://remoteok.com/remote-jobs/remote-data-migration-specialist-data-import-export-symplast-1092966,ğŸŒ Worldwide
Technical Consultant,Contra,2025-04-14T22:14:58+00:00,https://remoteok.com/remote-jobs/remote-technical-consultant-contra-1092960,ğŸŒ Worldwide
Senior Data Engineer,Soda Data,2025-03-10T19:29:04+00:00,https://remoteok.com/remote-jobs/remote-senior-data-engineer-soda-data-1087414,ğŸ‡ªğŸ‡º Europe
Data Warehouse Engineer,Plutus,2024-10-11T00:00:04+00:00,https://remoteok.com/remote-jobs/remote-data-warehouse-engineer-plutus-935089,ğŸ‡ªğŸ‡º Europe
Data Scientist & Data Engineer AI ML,Lemon.io,2024-02-07T12:53:37+00:00,https://remoteok.com/remote-jobs/remote-data-scientist-data-engineer-ai-ml-lemon-io-613825,ğŸ‡ªğŸ‡º Europe
Senior DataOps Engineer,Revelator,2024-01-28T08:34:20+00:00,https://remoteok.com/remote-jobs/remote-senior-dataops-engineer-revelator-599532,ğŸ‡ªğŸ‡º Europe
Senior Microsoft PowerBI Developer,Proxify,2024-01-01T00:00:16+00:00,https://remoteok.com/remote-jobs/remote-senior-microsoft-powerbi-developer-proxify-382265,ğŸŒ Worldwide
Senior Data Engineer,Proxify,2024-01-01T00:00:15+00:00,https://remoteok.com/remote-jobs/remote-senior-data-engineer-proxify-382258,ğŸŒ Worldwide
Senior Analyst for Customer Analytics & Insights,Nadine West,2023-08-03T10:00:55+00:00,https://remoteok.com/remote-jobs/remote-senior-analyst-for-customer-analytics-insights-nadine-west-344392,ğŸŒ Worldwide
Senior Data Engineer Long term,Proxify,2023-07-30T00:00:13+00:00,https://remoteok.com/remote-jobs/remote-senior-data-engineer-long-term-proxify-187862,ğŸŒ Worldwide
Integrations Team Lead,CoinLedger,2023-05-23T17:20:21+00:00,https://remoteok.com/remote-jobs/remote-integrations-team-lead-coinledger-248850,ğŸŒ Worldwide
Senior Backend and Data Engineer,Paperpile,2023-05-09T05:46:36+00:00,https://remoteok.com/remote-jobs/remote-senior-backend-and-data-engineer-paperpile-235198,ğŸŒ Worldwide
Data Engineer,Tessera,2023-04-19T17:53:44+00:00,https://remoteok.com/remote-jobs/remote-data-engineer-tessera-225194,ğŸ‡ªğŸ‡º Europe
Staff Data Scientist Search Machine Learning Platform,Indeed,2022-10-13T05:43:02+00:00,https://remoteok.com/remote-jobs/remote-staff-data-scientist-search-machine-learning-platform-indeed-132377,ğŸ‡¯ğŸ‡µ Japan
Senior Product Manager SMB Labs,Indeed,2022-10-13T02:02:37+00:00,https://remoteok.com/remote-jobs/remote-senior-product-manager-smb-labs-indeed-132303,ğŸ‡¯ğŸ‡µ Japan
Member Support Unicorn,Interaction Design Foundation,2025-05-15T11:41:41+00:00,https://remoteok.com/remote-jobs/remote-member-support-unicorn-interaction-design-foundation-1093181,ğŸŒ Worldwide
Guest Support Agent,HostGenius,2025-05-12T00:00:06+00:00,https://remoteok.com/remote-jobs/remote-guest-support-agent-hostgenius-1092947,ğŸ’ƒ Latin America
Client Success Manager,Symplast,2025-04-26T00:00:07+00:00,https://remoteok.com/remote-jobs/remote-client-success-manager-symplast-1090659,ğŸŒ Worldwide
Implementation Project Manager,Symplast,2025-04-15T16:01:07+00:00,https://remoteok.com/remote-jobs/remote-implementation-project-manager-symplast-1092969,ğŸŒ Worldwide
Admin and Support Specialist,Interaction Design Foundation,2025-04-12T00:00:07+00:00,https://remoteok.com/remote-jobs/remote-admin-and-support-specialist-interaction-design-foundation-1087945,ğŸŒ Worldwide
spoke person,labs ai,2025-03-11T16:07:25+00:00,https://remoteok.com/remote-jobs/remote-spoke-person-labs-ai-1087588,ğŸŒ Worldwide
Virtual Assistant,Bikram Yoga Rancho Cucamonga,2024-11-28T00:00:05+00:00,https://remoteok.com/remote-jobs/remote-virtual-assistant-bikram-yoga-rancho-cucamonga-971487,ğŸŒ Worldwide
Customer Support Specialist,Clipboard Health,2024-10-13T17:51:59+00:00,https://remoteok.com/remote-jobs/remote-customer-support-specialist-clipboard-health-994471,ğŸ‡ªğŸ‡º Europe
Technical Support Engineer Developer,LimeSurvey,2024-10-05T00:00:03+00:00,https://remoteok.com/remote-jobs/remote-technical-support-engineer-developer-limesurvey-925464,ğŸ‡ªğŸ‡º Europe
Appointment Setters,Air Titans,2024-06-12T00:00:05+00:00,https://remoteok.com/remote-jobs/remote-appointment-setters-air-titans-754411,ğŸ’ƒ Latin America
President LISC Green,Local Initiatives Support Corporation,2024-06-04T04:00:02+00:00,https://remoteok.com/remote-jobs/remote-president-lisc-green-local-initiatives-support-corporation-785951,ğŸŒ Probably worldwide
Customer Success & Video Content Creator,Mozverse,2024-06-03T21:05:17+00:00,https://remoteok.com/remote-jobs/remote-customer-success-video-content-creator-mozverse-785524,ğŸŒ Worldwide
Executive Administrative Assistant,ACI Flooring,2024-04-11T00:00:05+00:00,https://remoteok.com/remote-jobs/remote-executive-administrative-assistant-aci-flooring-575806,ğŸ‡ºğŸ‡¸ United States
Technical Support Engineer,Silverfin,2022-02-03T08:21:10+00:00,https://remoteok.com/remote-jobs/108537-remote-technical-support-engineer-silverfin,ğŸ‡ªğŸ‡º Europe
Customer Support Executive,Close,2022-01-26T20:17:24+00:00,https://remoteok.com/remote-jobs/108423-remote-customer-support-executive-close,ğŸ‡ªğŸ‡º Europe
Marketing Data Scientist,Recast,2021-12-28T19:06:36+00:00,https://remoteok.com/remote-jobs/107901-remote-marketing-data-scientist-recast,ğŸ‡ºğŸ‡¸ United States
Frontend Software Engineer,Bitwise Asset Management,2025-05-23T14:00:10+00:00,https://remoteok.com/remote-jobs/remote-frontend-software-engineer-bitwise-asset-management-1093220,ğŸŒ Worldwide
Software Engineer,Titan,2025-05-22T14:00:04+00:00,https://remoteok.com/remote-jobs/remote-software-engineer-titan-1093216,"Bengaluru, Karnataka"
Jr Business Analyst,HealthCare,2025-05-22T08:00:12+00:00,https://remoteok.com/remote-jobs/remote-jr-business-analyst-healthcare-1093213,ğŸŒ Worldwide
Business Development Manager,BIGVERSE,2025-05-22T00:00:07+00:00,https://remoteok.com/remote-jobs/remote-business-development-manager-bigverse-1089785,ğŸŒ Worldwide
Member of Product Marketing Protocols,Anchorage Digital,2025-05-19T11:00:03+00:00,https://remoteok.com/remote-jobs/remote-member-of-product-marketing-protocols-anchorage-digital-1093197,ğŸ‡ºğŸ‡¸ United States
Visual Designer,PIP Labs,2025-05-16T22:00:03+00:00,https://remoteok.com/remote-jobs/remote-visual-designer-pip-labs-1093190,ğŸ‡ºğŸ‡¸ United States
Marketing Design Intern 2025 Summer Intern,Symmetry Systems,2025-05-16T11:00:10+00:00,https://remoteok.com/remote-jobs/remote-marketing-design-intern-2025-summer-intern-symmetry-systems-1093189,ğŸŒ Worldwide
Lifecycle Marketing Associate,Blueland,2025-05-16T11:00:03+00:00,https://remoteok.com/remote-jobs/remote-lifecycle-marketing-associate-blueland-1093188,ğŸŒ Worldwide
Account Coordinator,Bluelight Consulting,2025-05-13T08:00:10+00:00,https://remoteok.com/remote-jobs/remote-account-coordinator-bluelight-consulting-1093163,ğŸ‡ºğŸ‡¸ United States
Influencer Marketing Intern,NextStep,2025-05-04T11:19:35+00:00,https://remoteok.com/remote-jobs/remote-influencer-marketing-intern-nextstep-1093103,ğŸ‡©ğŸ‡ª Germany
Content Writer,Blink UX,2025-05-09T11:00:11+00:00,https://remoteok.com/remote-jobs/remote-content-writer-blink-ux-1093147,All Locations
Sales Development Representative,Torch,2025-05-09T11:00:02+00:00,https://remoteok.com/remote-jobs/remote-sales-development-representative-torch-1093146,ğŸŒ Worldwide
Web3 Marketing Manager,"Manta Network, Powered by p0x labs",2025-05-08T17:00:02+00:00,https://remoteok.com/remote-jobs/remote-web3-marketing-manager-manta-network-powered-by-p0x-labs-1093142,Anywhere
Web3 Marketing Manager,"Manta Network, Powered by p0x labs",2025-05-08T11:00:01+00:00,https://remoteok.com/remote-jobs/remote-web3-marketing-manager-manta-network-powered-by-p0x-labs-1093141,Anywhere
Product Marketing Manager Europe,Hostaway,2025-05-07T08:01:24+00:00,https://remoteok.com/remote-jobs/remote-product-marketing-manager-europe-hostaway-1093128,ğŸŒ Probably worldwide
Member of Technical Staff Transparency Front End Engineer,Anchorage Digital,2025-05-06T10:00:04+00:00,https://remoteok.com/remote-jobs/remote-member-of-technical-staff-transparency-front-end-engineer-anchorage-digital-1093115,ğŸ‡ºğŸ‡¸ United States
Head of Marketing,The People Brand,2025-05-06T00:00:50+00:00,https://remoteok.com/remote-jobs/remote-head-of-marketing-the-people-brand-1093114,ğŸ‡ºğŸ‡¸ United States
Social Media Editor,Contra,2025-05-05T22:25:27+00:00,https://remoteok.com/remote-jobs/remote-social-media-editor-contra-1093108,ğŸ‡¨ğŸ‡¦ Canada
Salesforce Developer,StackAdapt,2025-05-02T16:00:10+00:00,https://remoteok.com/remote-jobs/remote-salesforce-developer-stackadapt-1093096,ğŸ‡¨ğŸ‡¦ Canada
Copywriter,MissionWired,2025-05-02T14:00:06+00:00,https://remoteok.com/remote-jobs/remote-copywriter-missionwired-1093094,ğŸ‡ºğŸ‡¸ United States
